id,title,priority,status,discovered_in,target_scope,blocking,closure_evidence,detail_ref
PROMPT-BUDGET-FIT-001,"Umbrella: prompt sections sized without reserving the rest of their own request. 001A/001B/001C, PROMPT-FIT-ROLE-CHAIN-001 and DEVELOPER-PROMPT-FIT-001 are VERIFIED; kept OPEN by user decision (2026-09-27) until its two remaining children close",P2,OPEN,Batch 6 final gate (2026-09-27),Closes with ARCHITECT-PROMPT-FIT-001 and DEVELOPER-AUX-LOOP-PROMPT-FIT-001 (no work of its own),none,Both children CLOSED in this registry,handover/DEFECT_PROMPT_BUDGET_FIT_001.md
ARCHITECT-PROMPT-FIT-001,"The Architect carries the whole fenced learned reference in convention_prompt, unfitted: a 30-entry reference at 16K is refused before inference (typed CONTEXT_BUDGET_UNSATISFIABLE; the run fails closed). Same class as 001A/B",P2,OPEN,Backlog 6.6 (2026-09-27),Prompt-fit closure batch before PRD-035 (the live certification matrix runs smaller windows),PRD-035,Architect request fitted per candidate with fit_variable_section; pytest proving a 30-entry reference at 16K is fitted (not refused) with the fixed text whole; mutation-checked,handover/BACKLOG_6_6_SUMMARY.md
DEVELOPER-AUX-LOOP-PROMPT-FIT-001,The opt-in DEV-INV-001 investigation loop and self-correction loop (both default off) send the unfitted Developer context in their own requests; the dispatch check stays the backstop,P3,OPEN,Backlog 6.6 (2026-09-27),"Prompt-fit closure batch before PRD-035, or earlier if either loop is enabled by default or in the production profile",enabling developer_investigation_enabled or self_correction_loop_enabled by default/in production,Both loops' requests built through fit_developer_request; pytest per loop asserting count(system+user) <= request_capacity,handover/BACKLOG_6_6_SUMMARY.md
MCP-APPROVAL-PATH-TRACEBACK-001,kriya mcp inspect/approve/revoke: KRIYA_MCP_APPROVAL_HOME inside the workspace raises MCPTrustPathInsideWorkspaceError as a raw traceback (the refusal itself is correct),P3,OPEN,Backlog 6.6 (2026-09-27),"Operator-UX closure batch after PRD-031A (same fix shape as AUTHORITY-INSPECT-TRACEBACK-001: typed reason code + remediation, exit 1)",none,"CLI test per mcp subcommand: typed refusal, no traceback, non-zero exit; unexpected errors still escape",handover/BACKLOG_6_6_SUMMARY.md
PRE-APPROVAL-REVIEW-REFUSAL-001,"A pre-approval Reviewer request refused by the dispatch check is logged and the approval proceeds with no automated review attached. Confirmed ADVISORY: result reports review_included_in_approval=false, the human decides, the final review still runs",P3,OPEN,Backlog 6.6 (2026-09-27),"PRD-033 (production telemetry): surface an unattached pre-approval review as a recorded, visible event/metric",none,Run event + approval context naming the refusal reason; pytest on the refused path,handover/BACKLOG_6_6_SUMMARY.md
ENFORCE-EXECUTE-PLAN-CONVERGENCE-001,"The enforce-mode structured subtask loop still orchestrates its own subtasks (own ControlState resume, TOOL-subtask resume exclusion, completion skip); STRUCTURED WorkUnitInvocation is provenance only, not executed by plan_executor.execute_plan()",P2,DEFERRED,"PRD-008A final review (2026-09-24); deferred again in Batch 7 (PRD-030/031, extraction only)","Dedicated convergence PRD after PRD-032 (the chaos harness is its characterization net); behaviour change, never folded into an extraction task",none (any claim that all orchestration is unified),Enforce runs execute as an ExecutionPlan through execute_plan(); enforce resume/TOOL-exclusion/completion characterization unchanged; full pytest + live enforce case,handover/PRD-008A_CODING_HANDOVER.md; handover/PRD-030_CODING_HANDOVER.md
RUN-ATTEMPT-GATE-EXTRACTION-001,"run_attempt's implementation-subtask gate sequence (compile -> targeted/full tests -> runtime verification -> spec compliance, ~1600 lines) is still inline and interleaves self-correction, which writes files; not a mutation-free VerificationCoordinator boundary",P3,DEFERRED,Batch 7 PRD-031 (2026-09-27),"Dedicated decomposition PRD after PRD-032: split verification from self-correction first, then route through VerificationCoordinator",none,Implementation-subtask gates sequenced by VerificationCoordinator with self-correction outside it; attempt/retry/gate characterization unchanged; mutation-checked,handover/PRD-031_CODING_HANDOVER.md
INF-001-VLLM-ADAPTER,VllmRuntimeAdapter is a documented extension point only; an unregistered runtime name (vllm) raises UnknownRuntimeAdapterError,P3,DEFERRED,"INF-001 (Backlog 6.5, 2026-09-27)","INF-002, scheduled only when a vLLM deployment becomes a supported target",any claim of vLLM support,Adapter registered in model_runtime; contract suite (tests/test_inf001_runtime_port.py) green for it; live qualification on a real vLLM endpoint,handover/INF_001_RUNTIME_PORT.md
INF-001-ENV-EVIDENCE,Execution-environment evidence is observed only for loopback Ollama endpoints; no per-adapter environment observation,P3,DEFERRED,"INF-001 (Backlog 6.5, 2026-09-27)",INF-002 (with the second adapter),context_capacity evidence for a non-Ollama runtime,Each adapter reports its environment identity; qualification stores capacity evidence per adapter environment; pytest + live,handover/INF_001_RUNTIME_PORT.md
LEGACY-TRACES-MIGRATION-001,A pre-move traces.db exists at the historical <install dir>/logs/traces.db; doctor --production WARNs persistence.traces,P3,OPEN,PRD-010 logging closure; carried through Backlog 6.5/6.6,"Operator action, no code: user runs `kriya traces --migrate-legacy` when they choose",none,doctor --production persistence.traces PASS after the migration,handover/BACKLOG_6_6_SUMMARY.md
